{
    "welcomeFile": "launchpad/index.html",
    "authenticationMethod": "route",
    "routes": [{
        "source": "^/teched/(.*)$",
        "target": "/teched/$1",
        "destination": "techedjs_be",
        "authenticationType": "xsuaa"
    },
    {
        "source": "^/v2/teched/(.*)$",
        "target": "/v2/teched/$1",
        "destination": "techedjs_be",
        "authenticationType": "xsuaa"
    },
    {
        "source": "^/(.*)$",
        "localDir": "resources",
        "scope": "$XSAPPNAME.view"
    }]
}