UserId,FirstName,LastName,Email
1000000251,Verdie,Watsica,Gaylord_Denesik42@hotmail.com
1000000252,Quinton,Langworth,Brennon28@hotmail.com
1000000253,Amely,Ziemann,Kyle69@yahoo.com
1000000254,Giovanni,Ritchie,Luella10@hotmail.com
1000000255,Jude,Streich,Murphy.Mosciski23@gmail.com
1000000256,Neha,Bahringer,Fausto.Koss@hotmail.com
1000000257,Damon,Romaguera,Hester33@hotmail.com
1000000258,Lou,Bergnaum,Rosalyn.Gislason61@gmail.com
1000000259,Marcelle,Bergstrom,Hollis.Deckow@gmail.com
1000000260,Brook,Bruen,Jermain21@gmail.com
1000000261,Percy,Baumbach,Myra.Rosenbaum@gmail.com
1000000262,Blaise,West,Maida.Jacobi82@yahoo.com
1000000263,Rowena,Emard,Shaina_Klocko@hotmail.com
1000000264,Sidney,Bartell,Cristopher64@yahoo.com
1000000265,Dean,Corwin,Beverly77@yahoo.com
1000000266,Royal,Runolfsson,Shaun.Herman@hotmail.com
1000000267,Waldo,Greenholt,Samara_Ullrich27@gmail.com
1000000268,Dereck,Cummerata,Karina8@yahoo.com
1000000269,Arianna,Leuschke,Jaydon_Morissette@gmail.com
1000000270,Meta,Brekke,Giovani.Kreiger58@gmail.com
1000000271,Jettie,Hodkiewicz,Jewel10@gmail.com
1000000272,Amos,O'Keefe,George19@hotmail.com
1000000273,Axel,Herman,Michaela40@hotmail.com
1000000274,Alexandra,Kassulke,Scotty_Barrows69@yahoo.com
1000000275,Marianna,O'Hara,Julie59@hotmail.com
1000000276,Gladyce,Carter,Alexys.Ebert51@hotmail.com
1000000277,Nakia,Kerluke,Eveline5@gmail.com
1000000278,Danyka,Hahn,Bradford52@yahoo.com
1000000279,Modesta,Ondricka,Delphia.Mayert79@hotmail.com
1000000280,Krystina,Gibson,Colton_Stamm49@hotmail.com
1000000281,Brandy,Torphy,Ericka.Wiegand@gmail.com
1000000282,Shaun,Zboncak,Elmer50@yahoo.com
1000000283,Urban,Toy,Ahmad_Feeney65@yahoo.com
1000000284,Shaina,Koelpin,Donato28@yahoo.com
1000000285,Lionel,Cormier,Ahmed.Upton@hotmail.com
1000000286,Reese,Parker,Christiana64@gmail.com
1000000287,Michale,Schamberger,Eliezer_Hauck@hotmail.com
1000000288,Carlie,Goodwin,Javon19@hotmail.com
1000000289,Tamia,Sipes,Blake_Price68@yahoo.com
1000000290,Dino,Smith,Barton_Waelchi@hotmail.com
1000000291,Eliza,Glover,Pamela92@hotmail.com
1000000292,Eusebio,Wolff,Ervin45@gmail.com
1000000293,Etha,Donnelly,Luigi_Crist@yahoo.com
1000000294,Lily,Hirthe,Petra.Miller70@yahoo.com
1000000295,Ali,Effertz,Marie68@gmail.com
1000000296,Kiera,Schmidt,Dahlia_Koepp@hotmail.com
1000000297,Luther,Abernathy,Glennie74@hotmail.com
1000000298,Kaitlin,Weber,Karl.Klocko@yahoo.com
1000000299,Fernando,Tillman,Stephon56@yahoo.com
1000000300,Kim,Adams,Melvina_Jacobi10@hotmail.com
1000000301,Adalberto,Zboncak,Katherine_Kuhic26@yahoo.com
1000000302,Roxanne,O'Keefe,Saul_Dicki55@yahoo.com
1000000303,Lorine,Okuneva,Myra16@yahoo.com
1000000304,Delmer,Bartoletti,Maryse_Upton10@gmail.com
1000000305,Ervin,Schulist,Alessandro25@gmail.com
1000000306,Thaddeus,Kautzer,Jonathon.Feest66@gmail.com
1000000307,Marshall,Reichert,Isai.Fadel85@yahoo.com
1000000308,Fanny,Frami,Sarah.Yost25@gmail.com
1000000309,Timothy,Reinger,Dereck.Feest8@gmail.com
1000000310,Albina,Hackett,Palma_Smitham9@hotmail.com
1000000311,Reuben,Schuppe,Stella17@hotmail.com
1000000312,Augustus,Beahan,Patrick_Kemmer82@gmail.com
1000000313,Willa,Zemlak,Allan_Schinner@gmail.com
1000000314,Luciano,Fisher,Glennie.Hegmann@gmail.com
1000000315,Jonathon,Krajcik,Hillard_Powlowski55@yahoo.com
1000000316,Jasper,Witting,Stanford69@hotmail.com
1000000317,Alysha,West,Stephania71@hotmail.com
1000000318,Dameon,Wilderman,Chaz79@yahoo.com
1000000319,Noah,Moore,Meredith_Flatley93@yahoo.com
1000000320,Jan,Tremblay,Hector_Heidenreich@hotmail.com
1000000321,Deshaun,Morissette,Leo_Hodkiewicz42@hotmail.com
1000000322,Leonel,Davis,Royce90@gmail.com
1000000323,Carter,Heller,Dameon.Hilpert@gmail.com
1000000324,Zaria,Macejkovic,Conor50@hotmail.com
1000000325,Maverick,O'Connell,Shanna_Daugherty59@gmail.com
1000000326,Marc,Boehm,Derrick_Crist68@gmail.com
1000000327,Annetta,Beatty,Xander.Flatley@hotmail.com
1000000328,Owen,Hegmann,Haylie39@hotmail.com
1000000329,Guy,Rosenbaum,Keira_Lockman35@gmail.com
1000000330,Zachariah,Olson,Delphine.Gorczany@yahoo.com
1000000331,Enrico,Daniel,Leif.Bayer93@hotmail.com
1000000332,Vilma,Lakin,Sanford46@yahoo.com
1000000333,Monte,Hermiston,Merritt.Beahan56@yahoo.com
1000000334,Leora,Turner,Gwen_Bartoletti@gmail.com
1000000335,Myrna,Osinski,Jeromy7@yahoo.com
1000000336,Bret,McLaughlin,Ike14@yahoo.com
1000000337,Laney,Klocko,Neal_Oberbrunner14@yahoo.com
1000000338,Makenzie,Hahn,Percival88@yahoo.com
1000000339,Michelle,Wiegand,Kaia.Cronin@gmail.com
1000000340,Jaylon,Gutmann,Elisha8@gmail.com
1000000341,Verla,Howell,Kathleen2@yahoo.com
1000000342,Meta,Morissette,Brett15@yahoo.com
1000000343,Maudie,Schuster,Deion89@hotmail.com
1000000344,Melody,Lemke,Maiya_Windler5@gmail.com
1000000345,Shaina,Lubowitz,Elisha.Emard35@hotmail.com
1000000346,Matilde,Gerlach,Dawson19@hotmail.com
1000000347,Durward,Wolff,Melvin_Breitenberg@yahoo.com
1000000348,Ofelia,Zulauf,Kyla.Funk5@yahoo.com
1000000349,Zella,Stanton,Eloise_Schuppe@yahoo.com
1000000350,Jaden,Kshlerin,Manuela28@hotmail.com
1000000351,Arjun,Kub,Jovany_Hirthe@gmail.com
1000000352,Nadia,Watsica,Julie17@hotmail.com
1000000353,Frances,Towne,Yadira2@hotmail.com
1000000354,Julio,Haag,Howell_Kirlin26@gmail.com
1000000355,Rhianna,Christiansen,Eulah_Weimann@yahoo.com
1000000356,Lindsey,Corwin,Madisen78@gmail.com
1000000357,Corbin,Rice,Jessyca36@hotmail.com
1000000358,Erica,Swift,Christop50@yahoo.com
1000000359,Joshuah,Greenfelder,Jacquelyn.Volkman@gmail.com
1000000360,Joesph,McDermott,Verona.Hessel36@yahoo.com
1000000361,Yessenia,Roob,Yasmine66@gmail.com
1000000362,Winnifred,Rempel,Maud41@gmail.com
1000000363,Delpha,Hessel,Presley.Wintheiser@hotmail.com
1000000364,Liana,Marquardt,Magnus.Conroy97@hotmail.com
1000000365,Chauncey,Block,Chadd_Hoppe@yahoo.com
1000000366,Leora,Weimann,Darian_Rath@yahoo.com
1000000367,Emelie,Kutch,Dorris_Jones@yahoo.com
1000000368,Orland,Zboncak,Hope_Roberts99@yahoo.com
1000000369,Roel,Haley,Isabell_Runte@hotmail.com
1000000370,Jacey,Pfannerstill,Isobel97@yahoo.com
1000000371,Eliezer,Kutch,Freida_Douglas53@yahoo.com
1000000372,Dortha,Borer,Miller32@yahoo.com
1000000373,Christop,Sipes,Ian.Anderson15@hotmail.com
1000000374,Fleta,Dietrich,Lewis69@yahoo.com
1000000375,Amie,Beier,Maxime.Goyette49@gmail.com
1000000376,Cortney,Bergnaum,Demetris99@hotmail.com
1000000377,Reggie,Wunsch,Jarred.Walsh@hotmail.com
1000000378,Raheem,Goodwin,Tess_Breitenberg@yahoo.com
1000000379,Marjolaine,Sawayn,Pink_Ondricka@yahoo.com
1000000380,Jasper,Reinger,Nicolette61@yahoo.com
1000000381,Rogers,Dicki,Augusta_Harber@hotmail.com
1000000382,Sierra,Medhurst,Hillary.Stokes80@hotmail.com
1000000383,Savannah,Strosin,Terrence.Adams46@yahoo.com
1000000384,Domenico,Grant,Maci41@hotmail.com
1000000385,Emily,Legros,Agustina.Douglas65@gmail.com
1000000386,Madyson,McLaughlin,Elmira_Larson14@gmail.com
1000000387,Kenton,Ritchie,Hailee.Daniel52@yahoo.com
1000000388,Camryn,Moen,Rosemary.Smith46@yahoo.com
1000000389,Webster,Reichert,Herbert.Boyer82@hotmail.com
1000000390,Ethel,Leffler,Sabrina_Zemlak91@gmail.com
1000000391,Dwight,Bashirian,Mya.Altenwerth@yahoo.com
1000000392,Ruthie,Blanda,Rafael5@hotmail.com
1000000393,Cory,Strosin,Samir_Harvey48@gmail.com
1000000394,Santiago,Donnelly,Juliana.Mohr@gmail.com
1000000395,Hilton,Rolfson,Brayan48@hotmail.com
1000000396,Katherine,Koch,Theresa_OConner@hotmail.com
1000000397,Kory,Hudson,Alyce_Howell@hotmail.com
1000000398,Blanca,Mraz,Eunice.Ebert57@yahoo.com
1000000399,Alexie,Hagenes,Sadye55@hotmail.com
1000000400,Kelli,Maggio,Efrain7@hotmail.com
1000000401,Ottis,Heaney,Fredy.Hermann78@yahoo.com
1000000402,Isobel,Barton,Horacio_Stiedemann@yahoo.com
1000000403,Henriette,Will,Verner.Hegmann39@gmail.com
1000000404,Laury,Koch,Stevie27@gmail.com
1000000405,Micah,Hane,Vladimir74@gmail.com
1000000406,Aron,Dickens,Bart_Welch30@hotmail.com
1000000407,Carmen,Dickens,Althea49@yahoo.com
1000000408,Fannie,Wilkinson,Ryan.Streich75@hotmail.com
1000000409,Lilliana,Reichert,Audrey49@yahoo.com
1000000410,Vaughn,Mann,Lonnie_Goyette@yahoo.com
1000000411,Skye,Bartoletti,Elijah.Schmeler@gmail.com
1000000412,Edgar,Schiller,Mathilde.Champlin@hotmail.com
1000000413,Omari,Osinski,Gust.Swaniawski@gmail.com
1000000414,Troy,Walker,Noble_Hagenes@yahoo.com
1000000415,Muriel,Beahan,Cielo.DuBuque82@gmail.com
1000000416,Adam,Bartell,Allene4@hotmail.com
1000000417,Demetris,Sanford,Franco64@hotmail.com
1000000418,Breanna,Donnelly,Jedidiah_Paucek@gmail.com
1000000419,Newell,Hessel,Delaney18@yahoo.com
1000000420,Lydia,Kautzer,Kaitlyn_Cassin26@hotmail.com
1000000421,Hillard,Brekke,Leonora.Wehner@hotmail.com
1000000422,Branson,Reilly,Brando43@gmail.com
1000000423,Webster,Hills,Emmet.Hodkiewicz61@hotmail.com
1000000424,Otto,Schulist,Dayton92@yahoo.com
1000000425,Jolie,Bernhard,Cristina_Littel63@hotmail.com
1000000426,Francis,Steuber,Ansley.Weimann90@yahoo.com
1000000427,Ines,Kub,Mellie.Williamson@hotmail.com
1000000428,Marques,Davis,Trey_Quigley35@gmail.com
1000000429,Moriah,Monahan,Addie.Barton56@hotmail.com
1000000430,Aliyah,Ankunding,Moshe_Fisher@yahoo.com
1000000431,Dorris,Bartoletti,Aileen_Auer@hotmail.com
1000000432,Buster,Schuster,Kariane.Monahan@hotmail.com
1000000433,Hilbert,Swift,Priscilla_Lockman@hotmail.com
1000000434,Felipa,Beatty,Deshawn52@hotmail.com
1000000435,Maximillia,Sanford,Marianna.Schuppe17@gmail.com
1000000436,Dayton,Goyette,Wilhelm3@gmail.com
1000000437,Dalton,Howe,Stephanie_Williamson@yahoo.com
1000000438,Raegan,Hoppe,Stephania86@hotmail.com
1000000439,Korey,Reichel,Tess8@yahoo.com
1000000440,Gunner,Steuber,Savanna48@gmail.com
1000000441,Beulah,Prosacco,Jarrod35@yahoo.com
1000000442,Reese,Hauck,Abe34@yahoo.com
1000000443,Virginie,Kris,Llewellyn.Braun@gmail.com
1000000444,Britney,Bechtelar,Gayle.Daugherty81@yahoo.com
1000000445,Clemmie,Donnelly,Chaya_Witting@hotmail.com
1000000446,Coty,Schulist,Trent43@yahoo.com
1000000447,Grayson,Rolfson,Luna.Predovic@hotmail.com
1000000448,Keira,Romaguera,Abner.Heidenreich@hotmail.com
1000000449,Yazmin,O'Reilly,Tess83@gmail.com
1000000450,Manley,Shanahan,Frieda_Ondricka38@gmail.com
1000000451,Gianni,Langosh,Edythe60@hotmail.com
1000000452,Jake,Spinka,Anthony_Kub46@hotmail.com
1000000453,Natalie,Sipes,Michael.Lubowitz98@hotmail.com
1000000454,Quentin,Olson,Maymie.Herman82@hotmail.com
1000000455,Christop,Ratke,Lonie.Crooks@yahoo.com
1000000456,Eugenia,Stoltenberg,Callie.Konopelski@gmail.com
1000000457,Eddie,Wilkinson,Reuben.Friesen@gmail.com
1000000458,Arlo,Lebsack,Douglas50@gmail.com
1000000459,Syble,Nolan,Dewayne_Bechtelar77@gmail.com
1000000460,Timmothy,Rolfson,Katelynn74@hotmail.com
1000000461,Lew,Bashirian,Beverly_Cremin21@gmail.com
1000000462,Cali,Parisian,Felicita.Runte84@yahoo.com
1000000463,Jany,Bednar,Mandy.Cronin@yahoo.com
1000000464,Oren,Smitham,Ella7@hotmail.com
1000000465,Stacy,Roberts,Axel.Kemmer31@gmail.com
1000000466,Lourdes,Ortiz,Lou.Conn@gmail.com
1000000467,Bonita,Kihn,Barton19@gmail.com
1000000468,Roma,Ratke,Lelah.Bogan@gmail.com
1000000469,Ross,Dietrich,Blair.Hills@yahoo.com
1000000470,Anissa,Murphy,Valentina_Glover69@hotmail.com
1000000471,Ellen,Doyle,Kay.Maggio@gmail.com
1000000472,Emanuel,Little,Valerie67@yahoo.com
1000000473,Milan,Friesen,Hal.Schulist@yahoo.com
1000000474,Neha,Breitenberg,Emely.Murphy@yahoo.com
1000000475,Vivian,Gulgowski,Quinn_Pagac@yahoo.com
1000000476,Hermann,Kohler,Sonya.Langosh@hotmail.com
1000000477,Gavin,Hodkiewicz,Carlotta23@gmail.com
1000000478,Anthony,Braun,Delta_OConner27@gmail.com
1000000479,Leopold,Powlowski,Americo.Skiles5@yahoo.com
1000000480,Jedediah,Hudson,Manuel27@hotmail.com
1000000481,Paige,Nader,Donato_Haley@yahoo.com
1000000482,Montana,Wolf,Maritza_Bechtelar0@yahoo.com
1000000483,Athena,Bernhard,Neoma_OHara@gmail.com
1000000484,Sigrid,Funk,Elody_Graham@yahoo.com
1000000485,Silas,Schumm,Cheyenne_Johnson13@yahoo.com
1000000486,Demond,Ward,Santiago_Beahan2@yahoo.com
1000000487,Eulah,Reichert,Franz5@hotmail.com
1000000488,Octavia,Mosciski,Gerson_McGlynn63@gmail.com
1000000489,Shana,Kling,Thad.Conroy5@gmail.com
1000000490,Adella,Durgan,Salvador.Kuhlman89@hotmail.com
1000000491,Jacey,Pagac,Ansel13@yahoo.com
1000000492,Meda,Quitzon,Queenie53@hotmail.com
1000000493,Lauriane,Tromp,Dangelo3@gmail.com
1000000494,Ryder,Ziemann,Ike.Huel@hotmail.com
1000000495,Darrion,Abbott,Florine_Larkin@yahoo.com
1000000496,Dayne,Reilly,Daron34@yahoo.com
1000000497,Laron,McCullough,Bryana.Lowe@hotmail.com
1000000498,Jake,Hilpert,Beatrice98@hotmail.com
1000000499,Alvera,Aufderhar,Kasandra.Mayer@yahoo.com
1000000500,Mabel,Feeney,Peyton.Hackett57@yahoo.com
1000000501,Earline,Bechtelar,Torrey.Osinski96@hotmail.com
1000000502,Gloria,Nienow,Ines65@yahoo.com
1000000503,Destinee,Lockman,Lonie77@yahoo.com
1000000504,Stephania,Collier,Felton.Homenick@yahoo.com
1000000505,Foster,Fadel,Cathrine_Hayes44@yahoo.com
1000000506,Ernie,Cronin,Macey_Gibson86@hotmail.com
1000000507,Gregoria,Jacobson,Darron70@hotmail.com
1000000508,Colton,Monahan,Rebekah.Gibson@gmail.com
1000000509,Assunta,Brown,Laurence.Jerde57@hotmail.com
1000000510,Napoleon,Strosin,Elna.Corwin@gmail.com
1000000511,Jordane,Fadel,Micah66@gmail.com
1000000512,Raymundo,Gerhold,Sasha_Hermann@hotmail.com
1000000513,Charlie,Greenfelder,Kassandra.Glover@gmail.com
1000000514,Scarlett,Daniel,Mateo.Moore@gmail.com
1000000515,Benedict,Weissnat,Precious50@gmail.com
1000000516,Ewell,Fritsch,Gideon.Kuhlman@gmail.com
1000000517,Philip,Sawayn,Berneice.Brekke48@yahoo.com
1000000518,Makenzie,Graham,Derrick94@yahoo.com
1000000519,Kayden,Zemlak,Hermina_Pagac@hotmail.com
1000000520,Brent,Walsh,Precious.Balistreri25@gmail.com
1000000521,Martina,Kuhlman,Mattie_Wuckert@hotmail.com
1000000522,Roxane,Torphy,Kirsten.Littel@hotmail.com
1000000523,Ervin,McLaughlin,Amos16@hotmail.com
1000000524,Earnest,Wintheiser,Daisy_Cole89@gmail.com
1000000525,Brandt,Metz,Francis6@gmail.com
1000000526,Victoria,Balistreri,Providenci_Weber54@gmail.com
1000000527,Darren,Wintheiser,Estell_Ziemann14@gmail.com
1000000528,Viola,Blick,Leonel_Abbott40@gmail.com
1000000529,Hailie,Schaefer,Reanna.Raynor63@hotmail.com
1000000530,Omari,Moen,Margarett_Kreiger13@hotmail.com
1000000531,Fleta,Kuhlman,Leonard34@yahoo.com
1000000532,Myriam,Larkin,Spencer.Effertz@gmail.com
1000000533,Cara,Dare,Akeem75@gmail.com
1000000534,Ashly,Dickinson,Annie_Daugherty81@hotmail.com
1000000535,Domenica,Hilll,Eleonore.McClure@gmail.com
1000000536,Laisha,Zulauf,Luella15@hotmail.com
1000000537,Darren,Bins,Ethan8@yahoo.com
1000000538,Karelle,Bradtke,Cecil_Cummings@hotmail.com
1000000539,Annabell,Cormier,Anna79@yahoo.com
1000000540,Norwood,Weber,Benton52@yahoo.com
1000000541,Mertie,Wilkinson,Arden.Kerluke@gmail.com
1000000542,Rey,Anderson,Niko_Torphy@yahoo.com
1000000543,Ramiro,Schultz,Kaycee.Strosin53@gmail.com
1000000544,Alexie,Conn,Jeramy_Rogahn80@hotmail.com
1000000545,Alisa,Berge,Katherine35@hotmail.com
1000000546,Jalen,Mosciski,Annalise24@yahoo.com
1000000547,Lottie,Wyman,Keara_Nikolaus@yahoo.com
1000000548,Loren,Treutel,Vivienne15@gmail.com
1000000549,Matilda,Kohler,Emil.McCullough27@gmail.com
1000000550,Garrick,Larkin,Kris.Zulauf@gmail.com
1000000551,Ottis,Lind,Christa_Ortiz83@hotmail.com
1000000552,Benton,Bartell,Myron.Witting@yahoo.com
1000000553,Kaitlyn,Herzog,Leone15@yahoo.com
1000000554,Roscoe,Hoppe,Coralie.Hintz@yahoo.com
1000000555,Bradford,Collins,Jamaal47@yahoo.com
1000000556,Tabitha,Ryan,Norbert.Wunsch@gmail.com
1000000557,Alexandra,Wolff,Brionna94@gmail.com
1000000558,Aylin,Steuber,Reilly_Mueller@hotmail.com
1000000559,Kadin,Daniel,Oma.Stamm@hotmail.com
1000000560,Madilyn,Towne,Breanne_Stoltenberg80@hotmail.com
1000000561,Zachery,Hand,Macy34@yahoo.com
1000000562,Marilou,Ryan,Davonte.Schaefer@gmail.com
1000000563,Frederick,Walker,Aurelie_Rohan90@yahoo.com
1000000564,Dorothea,Wolf,Gia_Boehm3@yahoo.com
1000000565,Sedrick,Kunde,Jaydon.Davis40@hotmail.com
1000000566,Geovanny,Morissette,Meda_Leannon@hotmail.com
1000000567,Vince,Collins,Troy.OConner@hotmail.com
1000000568,Terrance,Marquardt,Geovany.Mante31@hotmail.com
1000000569,Arturo,Kerluke,Bryon89@gmail.com
1000000570,Elisha,Emmerich,Vergie.Kunze51@gmail.com
1000000571,Deanna,Ortiz,Xavier_Koepp82@gmail.com
1000000572,Palma,Boyle,Dorothy37@hotmail.com
1000000573,Alize,Mueller,Darwin.Nader58@gmail.com
1000000574,Elsie,Jaskolski,Arlo_DAmore@yahoo.com
1000000575,Ebony,Tremblay,Roman_Kohler@gmail.com
1000000576,Sammy,Langworth,Maxine97@yahoo.com
1000000577,Emile,Rowe,Mariane_Douglas@yahoo.com
1000000578,Mylene,Quitzon,Jermain91@gmail.com
1000000579,Luis,Leffler,Darrin34@hotmail.com
1000000580,Demario,Olson,Mario_Frami28@gmail.com
1000000581,Sonya,Miller,Ervin89@yahoo.com
1000000582,Domenica,Shanahan,Jacynthe6@hotmail.com
1000000583,Germaine,Durgan,Mario_Kautzer70@yahoo.com
1000000584,Stevie,Hodkiewicz,Anastasia_Beier@gmail.com
1000000585,Ottis,Schmidt,Angie_MacGyver@hotmail.com
1000000586,Sallie,VonRueden,Tomasa_Schmidt32@hotmail.com
1000000587,Verdie,Rohan,Helmer.Bode@gmail.com
1000000588,Carroll,Braun,Ollie_Doyle@gmail.com
1000000589,Ewell,Dickens,Shayna.Schroeder@yahoo.com
1000000590,Sterling,Macejkovic,Verner_Gutkowski2@yahoo.com
1000000591,Karson,Kris,Ciara_Stamm1@yahoo.com
1000000592,Ari,Pagac,Sammy_Wolf@hotmail.com
1000000593,Linwood,Cummings,Grace16@yahoo.com
1000000594,Antonio,Jacobs,Myron_Lowe@hotmail.com
1000000595,Ellis,Fritsch,Eulalia66@yahoo.com
1000000596,Reilly,Collins,Heidi.Mante@gmail.com
1000000597,Jaunita,Kling,Sonya_Champlin74@yahoo.com
1000000598,Alva,Predovic,Nickolas_Morissette@yahoo.com
1000000599,Gertrude,Hirthe,Katrine.Kuhic@hotmail.com
1000000600,Shawna,Hamill,Loren_Jenkins44@hotmail.com
1000000601,Velva,Zboncak,May65@hotmail.com
1000000602,Alena,Hintz,Domenick18@hotmail.com
1000000603,Mayra,Boyle,Sonya89@hotmail.com
1000000604,Vivianne,Kerluke,Liliane44@hotmail.com
1000000605,Shane,Hirthe,Grace_Gutmann82@gmail.com
1000000606,Lavonne,McGlynn,Leila23@gmail.com
1000000607,Magali,Jast,Lilliana.Ward89@hotmail.com
1000000608,Clementine,Mills,Toni_Moen11@yahoo.com
1000000609,Danial,Vandervort,Leonard.Aufderhar@yahoo.com
1000000610,Eldridge,Sawayn,Ernest42@gmail.com
1000000611,Yasmin,Jenkins,Hudson.Gleichner@hotmail.com
1000000612,Kevon,Walker,Urban.Mueller@hotmail.com
1000000613,Jeffrey,MacGyver,Larissa_Douglas@gmail.com
1000000614,Jerry,Collins,Webster_OConner@gmail.com
1000000615,Orland,Walter,Richmond14@yahoo.com
1000000616,Charlene,Hodkiewicz,Cordie86@gmail.com
1000000617,Lourdes,Wiegand,Ephraim86@gmail.com
1000000618,Kenneth,Senger,Marcel.Romaguera26@hotmail.com
1000000619,Hudson,Lemke,Nannie31@yahoo.com
1000000620,Brant,Considine,Oral_Hettinger14@gmail.com
1000000621,Jaiden,Keeling,Frida_Stanton30@gmail.com
1000000622,Gaylord,Dicki,Weldon94@yahoo.com
1000000623,Arnoldo,Hane,Jarred65@hotmail.com
1000000624,Prince,Miller,Kenny_Wiza6@gmail.com
1000000625,Vivian,Cronin,Triston19@hotmail.com
1000000626,Alfonso,Gutkowski,Lillian.Medhurst@gmail.com
1000000627,Nellie,Johns,Aiyana64@gmail.com
1000000628,Kaitlyn,Kovacek,Eduardo3@hotmail.com
1000000629,Jammie,Stokes,Nova46@gmail.com
1000000630,Jenifer,D'Amore,Kale_Veum@gmail.com
1000000631,Conner,Pfeffer,Jadyn_Steuber@gmail.com
1000000632,Terrance,Botsford,Hipolito20@hotmail.com
1000000633,Lance,Batz,Cynthia_Prohaska@yahoo.com
1000000634,Orin,Bins,Laverne4@hotmail.com
1000000635,Edgardo,McDermott,Norma.Rau2@yahoo.com
1000000636,Clara,Bauch,Richard99@hotmail.com
1000000637,Hosea,Hammes,Tiara_Littel71@gmail.com
1000000638,Virgil,Balistreri,Roel.Sauer@hotmail.com
1000000639,Alvena,Russel,Trinity.McGlynn83@yahoo.com
1000000640,Ewell,Stark,Georgiana50@yahoo.com
1000000641,Betsy,Bins,Alfred.Stamm@yahoo.com
1000000642,Christop,Conn,Kraig.Brekke@gmail.com
1000000643,Zackary,Shields,Audreanne32@hotmail.com
1000000644,Dan,Stracke,Sienna_Wolff@hotmail.com
1000000645,Brant,Welch,Molly29@gmail.com
1000000646,Austen,Auer,Orion.McClure@yahoo.com
1000000647,Estella,Mayer,Saige33@gmail.com
1000000648,Derrick,Morar,Malinda93@hotmail.com
1000000649,Loma,Lockman,Emmitt.Ullrich8@hotmail.com
1000000650,Fredrick,Baumbach,Jeramy24@gmail.com
1000000651,Maximillian,O'Kon,Gustave_Abernathy@yahoo.com
1000000652,Chase,Yost,Jensen_Wilderman31@gmail.com
1000000653,Ronaldo,Wyman,Xavier72@gmail.com
1000000654,Hector,Stehr,Margarita.Zulauf@hotmail.com
1000000655,Walter,Medhurst,Trevor.Langworth@gmail.com
1000000656,Josie,Senger,Stanley_Harris92@gmail.com
1000000657,Reta,Cartwright,Crystal.Schinner17@gmail.com
1000000658,Daniela,Rolfson,Amy82@yahoo.com
1000000659,Walker,Stanton,Helmer_Fisher@yahoo.com
1000000660,Urban,Dickinson,Humberto56@gmail.com
1000000661,Alexandro,Schimmel,Claudia_Effertz@gmail.com
1000000662,Rosanna,Walter,Letitia31@hotmail.com
1000000663,Ernestine,Franecki,Natalie_Fisher43@gmail.com
1000000664,Rosalind,Stiedemann,Kellie.Ryan98@gmail.com
1000000665,Shea,Hahn,Johnpaul_Botsford87@hotmail.com
1000000666,Garfield,Lueilwitz,Daisy.Kutch@gmail.com
1000000667,Blake,Dach,Janet_Yundt@gmail.com
1000000668,Ephraim,Lueilwitz,Katarina_Predovic59@yahoo.com
1000000669,Alejandra,Champlin,Deron.Jacobson@hotmail.com
1000000670,Eliseo,Reilly,Leopoldo_Anderson@yahoo.com
1000000671,Torey,Gerhold,Alfreda6@yahoo.com
1000000672,Pinkie,Tremblay,Kamille_Satterfield0@hotmail.com
1000000673,Coy,Pouros,Lucinda40@gmail.com
1000000674,Hertha,Considine,Beulah56@hotmail.com
1000000675,Toy,Monahan,Myron.Ortiz20@gmail.com
1000000676,Ruby,Corwin,Lorenzo0@hotmail.com
1000000677,Dalton,Sanford,Shirley_Jenkins@gmail.com
1000000678,Julie,Rippin,Jessica_Kihn99@hotmail.com
1000000679,Aimee,Willms,Godfrey65@hotmail.com
1000000680,Kendrick,Boehm,Clair17@hotmail.com
1000000681,Laurine,Macejkovic,Aric_Shields@yahoo.com
1000000682,Samson,Welch,Donna.Bechtelar@gmail.com
1000000683,Jamal,Harris,Wilfredo_Schuster58@hotmail.com
1000000684,Bessie,Botsford,Vada99@yahoo.com
1000000685,Leonor,Mertz,Tiffany.Ferry61@hotmail.com
1000000686,Lonie,Weimann,Fabiola_Larson73@gmail.com
1000000687,Dejuan,Prohaska,Myrtle.Watsica87@hotmail.com
1000000688,Shawna,Kertzmann,Rosalinda_Kshlerin@gmail.com
1000000689,Mariam,Gleason,Maria_Powlowski@gmail.com
1000000690,Makayla,Berge,Maci.Hessel25@yahoo.com
1000000691,Anya,Yundt,Rose.Ryan@hotmail.com
1000000692,Cydney,Larkin,Juwan71@yahoo.com
1000000693,Isaias,Little,Albina86@gmail.com
1000000694,Devon,Gaylord,Oswaldo92@hotmail.com
1000000695,Albertha,Kuhic,Americo89@hotmail.com
1000000696,Robert,Schneider,Marjorie77@hotmail.com
1000000697,Nels,Farrell,Lisandro_Kshlerin5@hotmail.com
1000000698,Janis,Jerde,Stanford.Rowe26@gmail.com
1000000699,Bonnie,Willms,Archibald.Nolan21@gmail.com
1000000700,Nicholaus,Abernathy,Orin65@gmail.com
1000000701,Maddison,Sporer,Uriah74@gmail.com
1000000702,Zula,Shields,Willard39@gmail.com
1000000703,Tatyana,Ankunding,Vivienne.Aufderhar@yahoo.com
1000000704,Yasmin,Beier,Chelsie.Kreiger70@yahoo.com
1000000705,Alfredo,Gislason,Cathrine81@gmail.com
1000000706,Nikita,Heaney,Adelbert_Brakus@hotmail.com
1000000707,Cielo,Klein,Cyril_OConner@yahoo.com
1000000708,Terrence,Rodriguez,Colten70@gmail.com
1000000709,Mollie,Donnelly,Hollie26@gmail.com
1000000710,Gilberto,Miller,Jessica_Pollich@hotmail.com
1000000711,Ella,Gerhold,King74@hotmail.com
1000000712,Althea,Kuhic,Weston.Ritchie61@gmail.com
1000000713,Rosalyn,Walter,Aurelio.McDermott@hotmail.com
1000000714,Camila,Stamm,Leila82@gmail.com
1000000715,Cleta,Green,Oran.Watsica@gmail.com
1000000716,Jaydon,Altenwerth,Nola.Stracke0@hotmail.com
1000000717,Afton,Breitenberg,Hillard.Ebert@hotmail.com
1000000718,Deanna,Wehner,Karl30@gmail.com
1000000719,David,Shanahan,Zack.Buckridge75@gmail.com
1000000720,Leatha,Jacobi,Giovanna45@gmail.com
1000000721,Anika,Abernathy,Coralie_Gleichner@yahoo.com
1000000722,Joesph,Witting,Fae10@yahoo.com
1000000723,Kirk,Schinner,Mina.Moen@hotmail.com
1000000724,Alivia,Walsh,Sarina.Balistreri83@hotmail.com
1000000725,Stevie,Schulist,Arnoldo.Morissette@yahoo.com
1000000726,Kathryn,Kirlin,Vicente_Hodkiewicz@hotmail.com
1000000727,Selena,Schmidt,Claud_Feest77@gmail.com
1000000728,Jennings,O'Reilly,Eldon.Bergnaum64@hotmail.com
1000000729,Aileen,Ondricka,Pink_Mraz68@gmail.com
1000000730,Lexie,Wiegand,Alena75@yahoo.com
1000000731,Jana,Raynor,Erwin_Swift26@yahoo.com
1000000732,Amber,MacGyver,Norma_Stiedemann0@yahoo.com
1000000733,Nova,Pacocha,Susanna_Kuphal87@hotmail.com
1000000734,Bernadette,Metz,Margaret_OKon1@hotmail.com
1000000735,Arch,Flatley,Mohammad21@gmail.com
1000000736,Verla,Spinka,Nikko.Hammes13@gmail.com
1000000737,Guy,Heidenreich,Antonia43@yahoo.com
1000000738,Kaylie,Mayert,Eliza38@gmail.com
1000000739,Jaron,Abbott,Litzy_Herman@yahoo.com
1000000740,Heber,Mraz,Alf_Osinski24@gmail.com
1000000741,Adella,Bergnaum,Rosella.Stoltenberg@hotmail.com
1000000742,Gerhard,Halvorson,Jalen.Littel@yahoo.com
1000000743,Abelardo,Bergstrom,Wade78@hotmail.com
1000000744,Madalyn,Stanton,Gregorio_Hackett@gmail.com
1000000745,Anika,Hahn,Emil_Dickinson@gmail.com
1000000746,Laisha,Kling,Loyce43@yahoo.com
1000000747,Greg,Robel,Alexie36@gmail.com
1000000748,Herminio,Leuschke,Abel.Glover67@yahoo.com
1000000749,Ibrahim,Casper,Spencer.Boyle23@yahoo.com
1000000750,Stephania,Schowalter,Edgardo_Schiller49@hotmail.com
1000000751,Neoma,Considine,Sabryna27@yahoo.com
1000000752,Aric,Wilderman,Elias90@yahoo.com
1000000753,Marcus,Hirthe,Maymie_Kihn@yahoo.com
1000000754,Tom,Ward,Ciara.Zieme99@gmail.com
1000000755,Lionel,Hand,Ardith60@yahoo.com
1000000756,Jesse,Reichel,Felton51@hotmail.com
1000000757,Noemi,Swaniawski,Gunner14@gmail.com
1000000758,Christina,Fadel,Lizeth60@hotmail.com
1000000759,Hoyt,Hermiston,Clare62@gmail.com
1000000760,Terence,Bogan,Waylon70@hotmail.com
1000000761,Nola,Tromp,Domenico39@hotmail.com
1000000762,Garret,Mann,Joanny81@hotmail.com
1000000763,Billie,Bogisich,Alberta_Larkin26@gmail.com
1000000764,Geovany,Batz,Stefan_Wyman80@hotmail.com
1000000765,Vaughn,Collins,Eino_Haag62@yahoo.com
1000000766,Elinor,Graham,Kristin.Harvey87@gmail.com
1000000767,Noble,Gottlieb,Linda.Armstrong@yahoo.com
1000000768,Kenna,Casper,Sierra.Crona52@gmail.com
1000000769,Nigel,Little,Hollie.Bogan@yahoo.com
1000000770,Elva,Windler,Alex.Okuneva16@hotmail.com
1000000771,Idell,Rodriguez,Carolyne.Haley35@gmail.com
1000000772,Emerald,Conroy,Hazel.Waelchi@hotmail.com
1000000773,Rylee,Pagac,Andres.Stokes@yahoo.com
1000000774,Jerrold,Turner,Leonor.Kiehn31@hotmail.com
1000000775,Rachel,Jacobs,Vladimir11@yahoo.com
1000000776,Ruth,Frami,Melvin_Kuhlman95@gmail.com
1000000777,Zackary,Spinka,Samantha.Will11@gmail.com
1000000778,Garnet,Lowe,Rosendo3@gmail.com
1000000779,Alexandra,Cruickshank,Emmie_Quitzon49@yahoo.com
1000000780,Danyka,Grant,Summer_Ritchie@yahoo.com
1000000781,Jonatan,White,Neoma66@hotmail.com
1000000782,Jannie,Ankunding,Glenda_Ward@hotmail.com
1000000783,Maryam,Bins,Meda_Terry4@hotmail.com
1000000784,Barrett,Johns,Geovany.Blick17@yahoo.com
1000000785,Haleigh,Emard,Mortimer_Pollich@yahoo.com
1000000786,Gerson,Lesch,Gia21@hotmail.com
1000000787,Creola,Schroeder,Brionna_Smitham@gmail.com
1000000788,Della,Lemke,Orlando_Upton@yahoo.com
1000000789,Rebekah,Farrell,Ambrose44@gmail.com
1000000790,Merritt,Hartmann,Muhammad12@hotmail.com
1000000791,Gonzalo,Bosco,Tressa_Auer68@hotmail.com
1000000792,Janelle,Rogahn,Katherine.Mertz@gmail.com
1000000793,Malcolm,Yundt,Karine.Hagenes@gmail.com
1000000794,Ezekiel,Kris,Elta94@hotmail.com
1000000795,Paige,O'Conner,Karley.Muller@hotmail.com
1000000796,Noemi,Considine,Kitty.Hilpert7@hotmail.com
1000000797,Santiago,Kovacek,Mario.Murazik@gmail.com
1000000798,Craig,Rohan,Maida_Russel95@hotmail.com
1000000799,Nadia,Wilkinson,Melyssa.Keebler@hotmail.com
1000000800,Sabryna,Hyatt,Joaquin_Mills39@gmail.com
1000000801,Tyson,Bruen,Johanna_Wuckert@yahoo.com
1000000802,Hubert,Kub,Einar.Skiles@hotmail.com
1000000803,Emilia,O'Connell,Durward.Hamill@gmail.com
1000000804,Genoveva,Gerhold,Desmond_Bergnaum@gmail.com
1000000805,Angela,Halvorson,Bulah.Harber12@hotmail.com
1000000806,Dereck,Casper,Ervin40@gmail.com
1000000807,Joanny,Johnston,Walker13@gmail.com
1000000808,Tanner,Witting,Anya.Heaney@yahoo.com
1000000809,Ruby,Wunsch,Jevon29@hotmail.com
1000000810,Dallas,Tremblay,Julie_Nader@yahoo.com
1000000811,Rodger,Raynor,Maye_Labadie@yahoo.com
1000000812,Abbie,Heller,Jeffry.Effertz@yahoo.com
1000000813,Nicole,Beier,Schuyler_Kling69@yahoo.com
1000000814,Jimmy,Harvey,Meagan_Bogan2@yahoo.com
1000000815,Keira,Muller,Reilly88@hotmail.com
1000000816,Mckenzie,Kuvalis,Patsy9@gmail.com
1000000817,Marc,Pacocha,Yasmine_Gleichner@hotmail.com
1000000818,Queenie,Crona,Mason.Ritchie87@hotmail.com
1000000819,Janessa,Hilpert,Aylin.Weissnat40@gmail.com
1000000820,Marcus,Prosacco,Kayley.Satterfield@gmail.com
1000000821,Conor,Lesch,Orville_Wehner43@gmail.com
1000000822,Antone,Kirlin,Denis25@hotmail.com
1000000823,Ted,Schmitt,Stone_Carroll26@yahoo.com
1000000824,Katharina,Olson,Jasmin32@hotmail.com
1000000825,Walton,Bergnaum,Maegan_Witting68@yahoo.com
1000000826,Emerald,Gerlach,Jaylen55@gmail.com
1000000827,Dedrick,Fisher,Helen_Koelpin@gmail.com
1000000828,Kyle,Emmerich,Mae.Williamson90@hotmail.com
1000000829,Raina,Yundt,Sylvia12@yahoo.com
1000000830,Blaise,Cummings,Brando.Simonis71@gmail.com
1000000831,Jettie,Denesik,Gerardo.Metz@hotmail.com
1000000832,Karine,Kunze,Emmanuelle_Farrell@gmail.com
1000000833,Dana,O'Conner,Lisandro_Gleason63@gmail.com
1000000834,Arden,Braun,Howell_Emmerich11@yahoo.com
1000000835,Aletha,Huel,Isadore.Marks87@gmail.com
1000000836,Mervin,Nolan,Terrell_Berge@gmail.com
1000000837,Drew,Walter,Orion.Weber@gmail.com
1000000838,Salvador,Hartmann,Howell_Hane76@gmail.com
1000000839,Katelin,Dach,Lawson24@yahoo.com
1000000840,Karlie,Feeney,Giovanni_Huels@yahoo.com
1000000841,Carlos,Hauck,Roger78@hotmail.com
1000000842,Keon,Breitenberg,Jamie_Streich@yahoo.com
1000000843,Wilford,Nicolas,Beryl.Feil@hotmail.com
1000000844,Henry,Mraz,Diana_Bednar4@gmail.com
1000000845,Jamey,Wuckert,Tremayne_Casper54@hotmail.com
1000000846,Lyla,Kuphal,Merle14@hotmail.com
1000000847,Dawson,Gerhold,Clifford.Kihn@gmail.com
1000000848,Aliza,Ruecker,Molly.Orn9@gmail.com
1000000849,Dora,Crooks,Clara.Olson89@gmail.com
1000000850,Aidan,Kovacek,Carmela_Pacocha6@hotmail.com
1000000851,Danika,Oberbrunner,Renee_Ebert11@hotmail.com
1000000852,Yolanda,Denesik,Kaley_Heaney@yahoo.com
1000000853,Monty,Wuckert,Jerod68@yahoo.com
1000000854,Grover,Lubowitz,Valentine76@hotmail.com
1000000855,Carmela,Hansen,Leann_Huel@yahoo.com
1000000856,Brad,Senger,Nicolette1@gmail.com
1000000857,Alverta,Wehner,Valentin_Swift65@yahoo.com
1000000858,Remington,Connelly,Ava_Willms39@yahoo.com
1000000859,Myrtis,Hilpert,Lola_Herman@hotmail.com
1000000860,Gene,Gutkowski,Thalia27@yahoo.com
1000000861,Shannon,Yost,Jordyn_Cormier@gmail.com
1000000862,Frederik,Brekke,Tyshawn_Toy@hotmail.com
1000000863,Amalia,Jacobson,Molly_Cassin63@hotmail.com
1000000864,Audra,Hansen,Bella89@yahoo.com
1000000865,Delphia,Koch,Murphy_Kihn34@gmail.com
1000000866,Angelica,Marks,Taylor.Reichert45@yahoo.com
1000000867,Jarret,Hills,Brady.Gerhold27@hotmail.com
1000000868,Deon,Schamberger,Janae_Kutch90@hotmail.com
1000000869,Kylie,Bailey,Chase15@gmail.com
1000000870,Garry,Mante,Ezra_Wilkinson35@yahoo.com
1000000871,Davion,Volkman,Devante26@gmail.com
1000000872,Misael,Gleason,Alena_Bauch@yahoo.com
1000000873,Ivory,Tillman,Cynthia_Erdman29@yahoo.com
1000000874,Marge,Johns,Olin32@yahoo.com
1000000875,Davonte,Oberbrunner,Audie41@yahoo.com
1000000876,Trisha,Robel,Wilber30@hotmail.com
1000000877,Meda,Lueilwitz,Rafael69@yahoo.com
1000000878,Deborah,West,Lavern.VonRueden@yahoo.com
1000000879,Andre,Murazik,Ayana_Casper48@gmail.com
1000000880,Caterina,Murazik,Octavia.Wehner93@gmail.com
1000000881,Marley,Bogan,Reva75@yahoo.com
1000000882,Howell,Hudson,Edna.Ledner@gmail.com
1000000883,Katlynn,Sanford,Maida51@yahoo.com
1000000884,Jada,Marquardt,Percival.Schaefer4@gmail.com
1000000885,Grace,Stroman,Maybell.Effertz57@yahoo.com
1000000886,Oral,Nitzsche,River_Kessler1@gmail.com
1000000887,Timmothy,Kuhlman,Nat54@yahoo.com
1000000888,Blaise,Hauck,Jayde_Pollich@gmail.com
1000000889,Mable,Little,Rosanna32@hotmail.com
1000000890,Gregoria,Koelpin,Colton13@gmail.com
1000000891,Beau,Gleichner,Emmanuel_Hane@hotmail.com
1000000892,Talia,Quigley,Lyric.Grady@yahoo.com
1000000893,Gayle,Heaney,Destiny.Dibbert@yahoo.com
1000000894,Eda,Lynch,Jaylan68@hotmail.com
1000000895,Selena,Trantow,Sonia.Hilll@hotmail.com
1000000896,Ewell,Hegmann,Lesly43@yahoo.com
1000000897,Magnolia,Beahan,Benny.Gutmann93@gmail.com
1000000898,Dawson,McClure,Gust.McCullough@hotmail.com
1000000899,Frances,Gottlieb,Aletha53@gmail.com
1000000900,Fredy,Heidenreich,Aglae_Homenick@hotmail.com
1000000901,Tanner,Daniel,Macy81@hotmail.com
1000000902,Hubert,Boyle,Sandra_Zboncak@yahoo.com
1000000903,Geo,Farrell,Julie.Boehm@hotmail.com
1000000904,Betty,Dickens,Virginie.Kling44@yahoo.com
1000000905,Connie,Auer,Hans20@hotmail.com
1000000906,Marie,Heidenreich,Drake_Konopelski@gmail.com
1000000907,Savannah,Friesen,Alf_Kuhlman@gmail.com
1000000908,Tyreek,Towne,Hipolito.Tromp65@yahoo.com
1000000909,Carmella,Heller,Forrest_Johnston@hotmail.com
1000000910,Orland,Cummings,Arne_Dach34@gmail.com
1000000911,Talia,Turcotte,Armani33@gmail.com
1000000912,Adonis,Nicolas,Samir11@yahoo.com
1000000913,Tremayne,Oberbrunner,Ellis_Rolfson54@hotmail.com
1000000914,Misael,Sanford,Gabriella.Hammes@hotmail.com
1000000915,Sonya,Cassin,Horacio32@hotmail.com
1000000916,Rocky,Schmidt,Ibrahim94@hotmail.com
1000000917,Geoffrey,Stanton,Tatyana97@yahoo.com
1000000918,Ernesto,Kilback,Lance.Stokes93@gmail.com
1000000919,Monty,Fahey,Armand66@hotmail.com
1000000920,Gregory,Kub,Angus.Bauch25@hotmail.com
1000000921,Onie,Ortiz,Milo_Hudson62@yahoo.com
1000000922,Moriah,Gutkowski,Lulu_Crist@yahoo.com
1000000923,Leopold,Simonis,Adam.Schamberger26@yahoo.com
1000000924,Jamison,Keebler,Nolan92@hotmail.com
1000000925,Rosalinda,Champlin,Curt.Mueller@gmail.com
1000000926,Heidi,Herman,Arlie36@hotmail.com
1000000927,Zane,Robel,Buster97@gmail.com
1000000928,Yesenia,Rau,Hadley_Shields94@hotmail.com
1000000929,Gregg,Beer,Kaci_Leuschke@yahoo.com
1000000930,Dillon,Greenholt,Caroline_Denesik@yahoo.com
1000000931,Kole,Schulist,Stephan.Schoen67@yahoo.com
1000000932,Adah,Wiza,Karina.Sawayn61@hotmail.com
1000000933,Isac,Strosin,Tyreek.Green@yahoo.com
1000000934,Hiram,Reilly,Lora25@yahoo.com
1000000935,Connor,Greenholt,Kyler_Weissnat@yahoo.com
1000000936,Delfina,Bruen,Annamarie_Grant57@yahoo.com
1000000937,Domenick,Hodkiewicz,Armando_Franecki93@yahoo.com
1000000938,Amy,Huel,Brandy_Schumm43@yahoo.com
1000000939,Kiarra,Pollich,Hugh75@gmail.com
1000000940,Johnathon,Morissette,Hal_Lind@yahoo.com
1000000941,Antonio,Deckow,Estelle_Halvorson8@yahoo.com
1000000942,Albert,O'Kon,Charlene.Padberg3@yahoo.com
1000000943,Bailee,Russel,Sebastian43@yahoo.com
1000000944,Kiel,Jerde,Marcelino.Ziemann69@gmail.com
1000000945,Shannon,Will,Monroe98@hotmail.com
1000000946,Sylvan,Frami,Abbigail_Kirlin@gmail.com
1000000947,Tito,Ernser,Nolan_Harris67@yahoo.com
1000000948,Diego,Jacobson,Arlie_Corwin73@gmail.com
1000000949,Edison,Fahey,Janiya_Mueller@yahoo.com
1000000950,Berry,Turcotte,Mustafa.Champlin5@gmail.com
1000000951,Gloria,Reinger,Alexandrine30@gmail.com
1000000952,Nat,Smith,Marie_Abernathy@yahoo.com
1000000953,Aniyah,Bogan,Annette.Walsh16@yahoo.com
1000000954,Mikayla,Mueller,Conor62@hotmail.com
1000000955,Manley,Rowe,Ayla_Pfeffer@hotmail.com
1000000956,Ciara,Haag,Colten57@hotmail.com
1000000957,Adam,Swaniawski,Demario_Block@hotmail.com
1000000958,Conor,Hahn,Tia15@yahoo.com
1000000959,Thaddeus,Schulist,Mary_Lang@hotmail.com
1000000960,Quinten,Wunsch,Easton19@gmail.com
1000000961,Ozella,Bartoletti,Velda.Hackett86@yahoo.com
1000000962,Jacquelyn,White,Dayton.Murazik14@gmail.com
1000000963,Shaniya,Blanda,Princess2@yahoo.com
1000000964,Erwin,Denesik,Alanis_Wiegand44@yahoo.com
1000000965,Tamara,Watsica,Janae_Howe89@hotmail.com
1000000966,Nayeli,Green,Oral90@yahoo.com
1000000967,Izaiah,Hahn,Brannon.Hartmann@yahoo.com
1000000968,Dedrick,Johnston,Monserrate89@yahoo.com
1000000969,Consuelo,Erdman,Nestor.Von86@hotmail.com
1000000970,Chesley,Kovacek,Reed.Mann@gmail.com
1000000971,Emerald,Fahey,Georgette.Homenick9@yahoo.com
1000000972,Palma,Rempel,Shania93@yahoo.com
1000000973,Nicole,Grant,Trenton_Metz68@gmail.com
1000000974,Jenifer,Spencer,Blaze36@yahoo.com
1000000975,Julien,Jones,Dewayne_Rempel@hotmail.com
1000000976,Destiney,Towne,Jess77@hotmail.com
1000000977,Reilly,Maggio,Baby_Lehner@gmail.com
1000000978,Devan,Jacobi,Gerson.Schaden37@yahoo.com
1000000979,Damon,Balistreri,Leo.Thiel80@gmail.com
1000000980,Merl,Haag,Shanel89@yahoo.com
1000000981,Annabell,Gottlieb,Khalil20@gmail.com
1000000982,Shane,Funk,Deron.Klocko97@hotmail.com
1000000983,Isabella,Armstrong,Al_Abbott@yahoo.com
1000000984,Skye,Watsica,Misty.Miller90@gmail.com
1000000985,Reta,Muller,Chanelle74@hotmail.com
1000000986,Mabelle,Lemke,Savanna.Dooley@hotmail.com
1000000987,Marco,Grant,Calista_VonRueden95@hotmail.com
1000000988,Rosanna,Weissnat,Carrie.Murphy93@yahoo.com
1000000989,Jeanie,Purdy,Marley_Wintheiser37@yahoo.com
1000000990,Dashawn,Heller,Penelope_Grady@gmail.com
1000000991,Tom,Feeney,Alvera_OKon@gmail.com
1000000992,Brenna,Schuster,Haleigh_Wiegand@yahoo.com
1000000993,Jakayla,Walter,Merle19@yahoo.com
1000000994,Emmie,Kessler,Anita_Moen@gmail.com
1000000995,Connor,Wisozk,Brisa.Cummerata53@yahoo.com
1000000996,Raquel,Kshlerin,Russ45@gmail.com
1000000997,Mae,Ferry,Durward81@yahoo.com
1000000998,Eusebio,Sporer,Hipolito16@yahoo.com
1000000999,Arlie,Jakubowski,Ashley40@yahoo.com
1000001000,Chanelle,Funk,Gage_Goodwin@yahoo.com
1000001001,Ryleigh,Block,Harold64@gmail.com
1000001002,Judson,Lehner,Kirsten75@gmail.com
1000001003,Noel,Becker,Lenna_DuBuque@gmail.com
1000001004,Javonte,Kemmer,Brayan.Schmeler62@gmail.com
1000001005,Mariane,Champlin,Melody56@yahoo.com
1000001006,Bobbie,Hettinger,Estell.Franecki@gmail.com
1000001007,Toy,Ratke,Tristin.Beer46@gmail.com
1000001008,Triston,Carter,Einar28@yahoo.com
1000001009,Justina,Gerlach,Shanie37@hotmail.com
1000001010,Palma,Wiegand,Dariana50@yahoo.com
1000001011,Arnulfo,Turner,Jayce_Rippin@hotmail.com
1000001012,Loma,Waelchi,Rhea_Schneider15@gmail.com
1000001013,Harmon,Prohaska,Ulices.Kunde33@yahoo.com
1000001014,Cordie,Mertz,Pete.Koelpin@hotmail.com
1000001015,Adah,Effertz,Iliana.Hoeger@yahoo.com
1000001016,Ethelyn,Lynch,Anika_Pfeffer@hotmail.com
1000001017,Willis,Zemlak,Nakia42@gmail.com
1000001018,Glenna,Dickinson,Emerald60@hotmail.com
1000001019,Kody,Langworth,Lauretta86@hotmail.com
1000001020,Tatyana,Turcotte,Jennie17@hotmail.com
1000001021,Yessenia,Stark,Haylie.Reinger@hotmail.com
1000001022,Keshawn,Crist,Augustine.DuBuque@gmail.com
1000001023,Teresa,Greenfelder,Gust42@hotmail.com
1000001024,Jess,DuBuque,Abel_Schimmel81@hotmail.com
1000001025,Reed,Welch,Khalil.Beahan9@gmail.com
1000001026,Gust,Batz,Josiah_Fisher68@yahoo.com
1000001027,Lindsay,Huel,Thurman_Waelchi@yahoo.com
1000001028,Joannie,Douglas,Mason30@yahoo.com
1000001029,Eloise,Sawayn,Nelda78@gmail.com
1000001030,Beatrice,Daniel,Era.Terry@hotmail.com
1000001031,Hallie,MacGyver,Lucienne_OReilly@gmail.com
1000001032,Roger,Wintheiser,Omari.Hirthe@yahoo.com
1000001033,Okey,Franecki,Pink61@hotmail.com
1000001034,Sabryna,Leuschke,Marisol61@yahoo.com
1000001035,Jonathon,Walker,Freeda97@yahoo.com
1000001036,Victor,Nolan,Hadley20@yahoo.com
1000001037,Maritza,Daugherty,Breana.Davis37@hotmail.com
1000001038,Roma,Turcotte,Rebeka32@yahoo.com
1000001039,Patrick,Dicki,Uriel_Crist@hotmail.com
1000001040,Andres,Schmidt,Dannie_Beer@yahoo.com
1000001041,Rubye,Haag,Kavon93@hotmail.com
1000001042,Liliana,Cormier,Guy_Schroeder33@hotmail.com
1000001043,Jeff,King,Lera61@gmail.com
1000001044,Luis,Brekke,Stewart.Zieme25@gmail.com
1000001045,Johan,Wilderman,Leilani34@yahoo.com
1000001046,Kayden,Ratke,Marlee17@yahoo.com
1000001047,Elouise,Buckridge,Stanford66@yahoo.com
1000001048,Amiya,Volkman,Triston17@gmail.com
1000001049,Jane,Bauch,Nelson80@yahoo.com
1000001050,Carole,Schuppe,Sonia_Ullrich88@gmail.com
1000001051,Citlalli,Tromp,Federico_OReilly@hotmail.com
1000001052,Rudy,Satterfield,Rasheed.Huel34@hotmail.com
1000001053,Taryn,Monahan,Jayne17@hotmail.com
1000001054,Bailee,Jacobi,Kristina.Johns@hotmail.com
1000001055,Colleen,White,Pierce96@hotmail.com
1000001056,Rico,Hickle,Justina.Gibson26@gmail.com
1000001057,Alba,Homenick,Dayana92@hotmail.com
1000001058,Bobby,Stoltenberg,Devon_Hermiston39@yahoo.com
1000001059,Karolann,Schroeder,Haylee_Hoeger61@yahoo.com
1000001060,Chandler,Ratke,Anya.Koch@gmail.com
1000001061,Murphy,Lesch,Brooks_Runte98@gmail.com
1000001062,Mallory,Lynch,Trinity.Price35@gmail.com
1000001063,Dudley,Runolfsdottir,Edwin16@gmail.com
1000001064,Howell,Lebsack,Lizeth83@yahoo.com
1000001065,Lon,Kertzmann,Savanah_OConnell@yahoo.com
1000001066,Velva,Schowalter,Tomasa.Schoen@hotmail.com
1000001067,Rickey,Kub,Benny.Rath@yahoo.com
1000001068,Zena,Pfannerstill,Haven.Lockman48@yahoo.com
1000001069,Mollie,Hyatt,Declan1@yahoo.com
1000001070,Luz,Parker,Mertie.Ledner94@yahoo.com
1000001071,Thaddeus,Corkery,Santina94@yahoo.com
1000001072,Ivy,Huel,Claire_Quitzon@hotmail.com
1000001073,Beulah,McDermott,Emmanuel70@gmail.com
1000001074,Sadie,Bosco,Diana_Paucek39@gmail.com
1000001075,Olin,McKenzie,Gwendolyn_Cummings@gmail.com
1000001076,Hal,Davis,Deon.Gislason24@hotmail.com
1000001077,Eino,Jaskolski,Braeden.Cremin@gmail.com
1000001078,Summer,Windler,Audrey48@hotmail.com
1000001079,Chad,Abshire,Cecilia95@gmail.com
1000001080,Robyn,Fritsch,Violet0@hotmail.com
1000001081,Clyde,Gutmann,Giovanna.Abshire62@gmail.com
1000001082,Ellie,Gutkowski,Karli_Dickens62@yahoo.com
1000001083,Marilou,Anderson,Jailyn82@yahoo.com
1000001084,Emmanuelle,Jacobson,Kaitlin76@yahoo.com
1000001085,Keenan,Wisoky,Cara_Witting6@yahoo.com
1000001086,Darby,Adams,Bennett_Windler@gmail.com
1000001087,Odell,Daugherty,Ramiro.Bednar69@hotmail.com
1000001088,Vergie,Kautzer,Quincy_OReilly@yahoo.com
1000001089,Genevieve,Altenwerth,Christ70@hotmail.com
1000001090,Verna,Gorczany,Brooks32@yahoo.com
1000001091,Deja,Lang,Myrna72@hotmail.com
1000001092,Antonina,Wehner,Cordell_Watsica65@gmail.com
1000001093,Hollie,Ratke,Carlee.Ullrich30@gmail.com
1000001094,Loraine,Pollich,Maia.Larkin92@gmail.com
1000001095,Jaydon,Rodriguez,Roma17@gmail.com
1000001096,Joseph,Osinski,Selmer7@yahoo.com
1000001097,Hildegard,Crona,Miracle.Mitchell@yahoo.com
1000001098,Eriberto,Powlowski,Pedro_Green@gmail.com
1000001099,Tess,Crooks,Trisha.OHara69@yahoo.com
1000001100,Gretchen,Gerhold,Harold_Towne9@hotmail.com
1000001101,Willy,Stanton,Dalton18@gmail.com
1000001102,Celestine,D'Amore,Zane.Goodwin16@yahoo.com
1000001103,Gilbert,Bosco,Rex.Halvorson@hotmail.com
1000001104,Carmen,Ratke,Chadd_Huel@hotmail.com
1000001105,Jaquan,Mertz,Vincent_Grant@hotmail.com
1000001106,Giovanny,Murazik,Nicklaus_Kuhlman@yahoo.com
1000001107,Brooks,Nienow,Fredy_Zulauf77@gmail.com
1000001108,Claire,O'Keefe,Skylar.Frami@gmail.com
1000001109,Patricia,Abbott,Obie33@yahoo.com
1000001110,Nannie,Denesik,Leonora_Streich@yahoo.com
1000001111,Gilbert,Dare,Vita_Fahey43@gmail.com
1000001112,Trace,Herzog,Eladio_Douglas@yahoo.com
1000001113,Eileen,Mann,Janis.Crist@yahoo.com
1000001114,Adonis,Feil,Alejandrin66@yahoo.com
1000001115,Samir,Hammes,Dorcas.Runolfsdottir70@yahoo.com
1000001116,Domenic,Boyer,Hayley7@yahoo.com
1000001117,Antoinette,Kling,Nicholas.Haley@yahoo.com
1000001118,Ryan,DuBuque,Jaydon_Stiedemann94@yahoo.com
1000001119,Kylee,Cummerata,Arch.Macejkovic17@yahoo.com
1000001120,Kody,Treutel,Carlo.Goodwin46@gmail.com
1000001121,Jarred,Toy,Crystal15@yahoo.com
1000001122,Dock,Watsica,Emilia_Swift54@yahoo.com
1000001123,Tyson,MacGyver,Julius_Mitchell89@gmail.com
1000001124,Uriah,Hirthe,Ocie.Trantow89@gmail.com
1000001125,Sierra,Runolfsson,Isaias.Reynolds79@gmail.com
1000001126,Herminia,Zboncak,Ward40@hotmail.com
1000001127,Maia,Little,Hillary_Rodriguez@yahoo.com
1000001128,Cicero,Raynor,Ursula73@hotmail.com
1000001129,Lisette,Kutch,Elian_OConner@gmail.com
1000001130,Jacinto,Turner,Ole_Prohaska40@yahoo.com
1000001131,Reymundo,Sipes,Monica_Cartwright2@gmail.com
1000001132,Novella,Ryan,Troy9@hotmail.com
1000001133,Katlynn,Osinski,Petra.Hills@yahoo.com
1000001134,Ivory,Blanda,Sigurd45@hotmail.com
1000001135,Aileen,Barrows,Annabell_Pfannerstill17@gmail.com
1000001136,Jalen,Stanton,Morton_Lang85@yahoo.com
1000001137,Helga,Douglas,Heaven33@hotmail.com
1000001138,Roman,Mosciski,Stella_Bartell@yahoo.com
1000001139,Ladarius,Emmerich,Kristina.Waters89@gmail.com
1000001140,Shanie,Armstrong,Brooke56@hotmail.com
1000001141,Vickie,Rau,Westley87@gmail.com
1000001142,Bennie,Pollich,Colleen.Romaguera@yahoo.com
1000001143,Lemuel,Stehr,Dedrick_Cassin6@gmail.com
1000001144,Rhoda,Swaniawski,Larue.Homenick@gmail.com
1000001145,Francesca,Gaylord,Zoe.Frami@hotmail.com
1000001146,Arden,Bosco,Friedrich87@yahoo.com
1000001147,Kacie,Konopelski,Rosalia40@yahoo.com
1000001148,Violet,Jast,Luz_Morar@yahoo.com
1000001149,Leann,Koss,Carlee.Lynch@gmail.com
1000001150,Vanessa,Schamberger,Ewald_Schmitt@gmail.com
1000001151,Brent,Heathcote,Nella_Mueller65@hotmail.com
1000001152,Floyd,Tillman,Reynold12@gmail.com
1000001153,Elena,Roob,Gino_Kutch16@hotmail.com
1000001154,Julianne,Jacobson,Cecilia_Stark25@gmail.com
1000001155,Jerrell,Jerde,Alba_White@hotmail.com
1000001156,Colton,Roberts,Angelica.Bergnaum39@hotmail.com
1000001157,Hailie,Hackett,Larry.Blanda98@yahoo.com
1000001158,Violette,Schaefer,Moriah.Casper82@gmail.com
1000001159,Ubaldo,Baumbach,Alfredo_Heaney36@yahoo.com
1000001160,Ike,Hessel,Jasen_DAmore@gmail.com
1000001161,Justyn,Nicolas,Reuben14@hotmail.com
1000001162,Crystal,Kuphal,Timothy_Connelly@hotmail.com
1000001163,Reece,Osinski,Vada_Tromp68@hotmail.com
1000001164,Kim,Mosciski,Robert.Parker24@yahoo.com
1000001165,Helen,Crooks,Haven70@gmail.com
1000001166,Tabitha,Langworth,Conor30@hotmail.com
1000001167,Reginald,Pacocha,Lenna_Kling61@yahoo.com
1000001168,Wilma,Osinski,Louie_Denesik28@gmail.com
1000001169,Amani,Marquardt,Jolie.Marks@hotmail.com
1000001170,Madisen,Runolfsson,Veda_Jones@gmail.com
1000001171,Adele,Jerde,Carley22@gmail.com
1000001172,Jayda,Boyle,Jonas_Thompson@gmail.com
1000001173,Marianne,Cole,Adell_Hoppe@gmail.com
1000001174,Adrianna,McLaughlin,Pedro59@hotmail.com
1000001175,Connie,Rutherford,Clinton.Gottlieb57@gmail.com
1000001176,Samir,Stark,Carmel43@gmail.com
1000001177,Brandyn,Greenholt,Wilbert59@gmail.com
1000001178,Addie,Welch,Jovan_Beer@yahoo.com
1000001179,Maryjane,Renner,Craig_McKenzie@hotmail.com
1000001180,Henriette,McClure,Deondre60@hotmail.com
1000001181,Taylor,Ziemann,Cleora14@hotmail.com
1000001182,Alayna,Ratke,Fleta_Williamson@yahoo.com
1000001183,Melba,Waelchi,Leland_Erdman45@yahoo.com
1000001184,Jolie,Bradtke,Makenzie_Lowe92@gmail.com
1000001185,Fanny,Bogan,Yessenia_Cummings@yahoo.com
1000001186,Keshawn,Graham,Eunice_Torphy@hotmail.com
1000001187,Mae,Grimes,Lizzie79@yahoo.com
1000001188,Kelvin,Sanford,Maxwell43@gmail.com
1000001189,Darion,Schamberger,Harley94@yahoo.com
1000001190,Francisca,Ortiz,Pat_Hayes56@hotmail.com
1000001191,Damian,Lakin,Elta_Mueller95@hotmail.com
1000001192,Ana,Hyatt,Martin71@yahoo.com
1000001193,Jovanny,Cummings,Raven.Schowalter@hotmail.com
1000001194,Harvey,Mills,Kole_Boehm@gmail.com
1000001195,Chet,King,Rosalee_Schuster@gmail.com
1000001196,Kailyn,Cruickshank,Jarrett.Kilback@gmail.com
1000001197,Darryl,Harvey,Gabriella.Ortiz88@hotmail.com
1000001198,Maci,Jaskolski,Andre_Prosacco@hotmail.com
1000001199,Sydnie,Wilkinson,Jackson82@hotmail.com
1000001200,Hallie,Gutmann,Stefan90@hotmail.com
1000001201,Barbara,Mueller,Eden_Ratke83@gmail.com
1000001202,Sage,Ankunding,Vincenzo.Kuhn@yahoo.com
1000001203,Savion,Rice,Bernard.Morissette@gmail.com
1000001204,Tressie,Mayer,Noe_Stroman@yahoo.com
1000001205,Amber,Mann,Jack57@hotmail.com
1000001206,Corine,Herzog,Larue_Lindgren@hotmail.com
1000001207,Juston,Gusikowski,Delphia72@yahoo.com
1000001208,Gabriella,Christiansen,Raquel.OConner55@gmail.com
1000001209,Jena,O'Hara,Zakary31@gmail.com
1000001210,Jedediah,Tillman,Una49@hotmail.com
1000001211,Yvonne,Nicolas,Mikayla24@hotmail.com
1000001212,Chance,Turner,Rolando.Wyman26@yahoo.com
1000001213,Pink,Jenkins,Cierra50@yahoo.com
1000001214,Meagan,Lowe,Maci_Shanahan@gmail.com
1000001215,Phyllis,Armstrong,Katelyn.Aufderhar@hotmail.com
1000001216,Natalie,Boyer,Orion_Larkin@yahoo.com
1000001217,Alvah,Huel,Gerhard.Effertz@gmail.com
1000001218,Alfred,Champlin,Melvin.Howe@hotmail.com
1000001219,Enola,Robel,Mertie83@yahoo.com
1000001220,Adolphus,Murazik,Hermina_Stiedemann60@gmail.com
1000001221,Sigrid,Nolan,Javier_Rodriguez@gmail.com
1000001222,Hermann,Rath,Tyrel_Jacobson@hotmail.com
1000001223,Rossie,Roob,Valentina94@hotmail.com
1000001224,Zoie,Kuhic,Johanna_Rempel@yahoo.com
1000001225,Garnet,Kunze,Wayne54@hotmail.com
1000001226,Anissa,Kreiger,Odie.Feil@yahoo.com
1000001227,Dandre,Watsica,Pattie.Maggio@yahoo.com
1000001228,Edgar,Wolff,Joel.Heller22@gmail.com