{
  "scopes": [{
          "name": "$XSAPPNAME.view",
          "description": "view"
      },
      {
          "name": "$XSAPPNAME.create",
          "description": "create"
      }
  ],
  "attributes": [],
  "role-templates": [{
          "name": "TechedCAP-view",
          "description": "generated",
          "scope-references": [
              "$XSAPPNAME.view"
          ],
          "attribute-references": []
      },
      {
          "name": "TechedCAP-create",
          "description": "generated",
          "scope-references": [
              "$XSAPPNAME.create"
          ],
          "attribute-references": []
      },
      {
          "name": "Token_Exchange",
          "description": "UAA",
          "scope-references": [
            "uaa.user"
          ]
      }
  ]
}