{
    "welcomeFile": "launchpad/index.html",
    "authenticationMethod": "route",
    "routes": [{
		"source": "^/euro.xsodata/.*$",
		"destination": "tinyjs_be",
		"authenticationType": "xsuaa",
		"scope": "$XSAPPNAME.view"
	},
    {
		"source": "^/user.xsodata/.*$",
		"destination": "userjs_be",
		"authenticationType": "xsuaa",
		"scope": "$XSAPPNAME.view"
	},
	{
		"source": "^/country/country.xsjs$",
		"destination": "tinyjs_be",
		"authenticationType": "xsuaa",
		"scope": "$XSAPPNAME.view"
	},
    {
        "source": "^/(.*)$",
        "localDir": "resources",
        "scope": "$XSAPPNAME.view"
    }]
}